{
  "timestamp": "2025-09-13T11:04:23.104527",
  "execution_time_seconds": 48.69084572792053,
  "summary": {
    "total_tests": 300,
    "successful_tests": 280,
    "failed_tests": 20,
    "success_rate": 0.9333333333333333,
    "traditional_strategies_tested": 9,
    "ml_strategies_tested": 6,
    "symbols_tested": 5,
    "time_periods_tested": 4
  },
  "performance": {
    "avg_execution_time": 0.05042343854904175,
    "max_execution_time": 2.3821780681610107,
    "total_execution_time": 48.69084572792053,
    "tests_per_second": 6.161322431661371
  },
  "strategy_breakdown": {
    "traditional": {
      "total": 180,
      "passed": 180,
      "success_rate": 1.0
    },
    "ml": {
      "total": 120,
      "passed": 100,
      "success_rate": 0.8333333333333334
    }
  },
  "detailed_results": {
    "by_strategy": {
      "sma_cross": {
        "total": 20,
        "passed": 20,
        "avg_time": 0.17807393074035643,
        "success_rate": 1.0
      },
      "rsi": {
        "total": 20,
        "passed": 20,
        "avg_time": 0.03251926898956299,
        "success_rate": 1.0
      },
      "macd": {
        "total": 20,
        "passed": 20,
        "avg_time": 0.032839202880859376,
        "success_rate": 1.0
      },
      "bollinger": {
        "total": 20,
        "passed": 20,
        "avg_time": 0.033541297912597655,
        "success_rate": 1.0
      },
      "momentum": {
        "total": 20,
        "passed": 20,
        "avg_time": 0.030069851875305177,
        "success_rate": 1.0
      },
      "ema_cross": {
        "total": 20,
        "passed": 20,
        "avg_time": 0.03245911598205566,
        "success_rate": 1.0
      },
      "mean_reversion": {
        "total": 20,
        "passed": 20,
        "avg_time": 0.029364609718322755,
        "success_rate": 1.0
      },
      "breakout": {
        "total": 20,
        "passed": 20,
        "avg_time": 0.035150551795959474,
        "success_rate": 1.0
      },
      "volume_momentum": {
        "total": 20,
        "passed": 20,
        "avg_time": 0.028581118583679198,
        "success_rate": 1.0
      },
      "adaptive": {
        "total": 20,
        "passed": 20,
        "avg_time": 0.0103737473487854,
        "success_rate": 1.0
      },
      "regime_aware": {
        "total": 20,
        "passed": 20,
        "avg_time": 0.06294759511947631,
        "success_rate": 1.0
      },
      "ensemble": {
        "total": 20,
        "passed": 20,
        "avg_time": 0.010686266422271728,
        "success_rate": 1.0
      },
      "online_learning": {
        "total": 20,
        "passed": 0,
        "avg_time": 9.875297546386718e-05,
        "success_rate": 0.0
      },
      "hybrid_adaptive": {
        "total": 20,
        "passed": 20,
        "avg_time": 0.2282591938972473,
        "success_rate": 1.0
      },
      "risk_adjusted_ensemble": {
        "total": 20,
        "passed": 20,
        "avg_time": 0.011387073993682861,
        "success_rate": 1.0
      }
    },
    "by_symbol": {
      "AAPL": {
        "total": 60,
        "passed": 56,
        "success_rate": 0.9333333333333333
      },
      "MSFT": {
        "total": 60,
        "passed": 56,
        "success_rate": 0.9333333333333333
      },
      "GOOGL": {
        "total": 60,
        "passed": 56,
        "success_rate": 0.9333333333333333
      },
      "TSLA": {
        "total": 60,
        "passed": 56,
        "success_rate": 0.9333333333333333
      },
      "NVDA": {
        "total": 60,
        "passed": 56,
        "success_rate": 0.9333333333333333
      }
    },
    "failed_tests": [
      {
        "strategy": "online_learning",
        "symbol": "AAPL",
        "period": "1M",
        "error": "ValueError: Unsupported model type: <__main__.StrategyValidator._create_ml_strategy.<locals>.MockBaseStrategy object at 0x13c381b50>",
        "warnings": []
      },
      {
        "strategy": "online_learning",
        "symbol": "AAPL",
        "period": "3M",
        "error": "ValueError: Unsupported model type: <__main__.StrategyValidator._create_ml_strategy.<locals>.MockBaseStrategy object at 0x13c380a40>",
        "warnings": []
      },
      {
        "strategy": "online_learning",
        "symbol": "AAPL",
        "period": "6M",
        "error": "ValueError: Unsupported model type: <__main__.StrategyValidator._create_ml_strategy.<locals>.MockBaseStrategy object at 0x13c3827b0>",
        "warnings": []
      },
      {
        "strategy": "online_learning",
        "symbol": "AAPL",
        "period": "1Y",
        "error": "ValueError: Unsupported model type: <__main__.StrategyValidator._create_ml_strategy.<locals>.MockBaseStrategy object at 0x13c381b50>",
        "warnings": []
      },
      {
        "strategy": "online_learning",
        "symbol": "MSFT",
        "period": "1M",
        "error": "ValueError: Unsupported model type: <__main__.StrategyValidator._create_ml_strategy.<locals>.MockBaseStrategy object at 0x13c380a40>",
        "warnings": []
      },
      {
        "strategy": "online_learning",
        "symbol": "MSFT",
        "period": "3M",
        "error": "ValueError: Unsupported model type: <__main__.StrategyValidator._create_ml_strategy.<locals>.MockBaseStrategy object at 0x13c3827b0>",
        "warnings": []
      },
      {
        "strategy": "online_learning",
        "symbol": "MSFT",
        "period": "6M",
        "error": "ValueError: Unsupported model type: <__main__.StrategyValidator._create_ml_strategy.<locals>.MockBaseStrategy object at 0x13c381b50>",
        "warnings": []
      },
      {
        "strategy": "online_learning",
        "symbol": "MSFT",
        "period": "1Y",
        "error": "ValueError: Unsupported model type: <__main__.StrategyValidator._create_ml_strategy.<locals>.MockBaseStrategy object at 0x13c380a40>",
        "warnings": []
      },
      {
        "strategy": "online_learning",
        "symbol": "GOOGL",
        "period": "1M",
        "error": "ValueError: Unsupported model type: <__main__.StrategyValidator._create_ml_strategy.<locals>.MockBaseStrategy object at 0x13c3827b0>",
        "warnings": []
      },
      {
        "strategy": "online_learning",
        "symbol": "GOOGL",
        "period": "3M",
        "error": "ValueError: Unsupported model type: <__main__.StrategyValidator._create_ml_strategy.<locals>.MockBaseStrategy object at 0x13c381b50>",
        "warnings": []
      },
      {
        "strategy": "online_learning",
        "symbol": "GOOGL",
        "period": "6M",
        "error": "ValueError: Unsupported model type: <__main__.StrategyValidator._create_ml_strategy.<locals>.MockBaseStrategy object at 0x13c380a40>",
        "warnings": []
      },
      {
        "strategy": "online_learning",
        "symbol": "GOOGL",
        "period": "1Y",
        "error": "ValueError: Unsupported model type: <__main__.StrategyValidator._create_ml_strategy.<locals>.MockBaseStrategy object at 0x13c3827b0>",
        "warnings": []
      },
      {
        "strategy": "online_learning",
        "symbol": "TSLA",
        "period": "1M",
        "error": "ValueError: Unsupported model type: <__main__.StrategyValidator._create_ml_strategy.<locals>.MockBaseStrategy object at 0x13c3827b0>",
        "warnings": []
      },
      {
        "strategy": "online_learning",
        "symbol": "TSLA",
        "period": "3M",
        "error": "ValueError: Unsupported model type: <__main__.StrategyValidator._create_ml_strategy.<locals>.MockBaseStrategy object at 0x13c3827b0>",
        "warnings": []
      },
      {
        "strategy": "online_learning",
        "symbol": "TSLA",
        "period": "6M",
        "error": "ValueError: Unsupported model type: <__main__.StrategyValidator._create_ml_strategy.<locals>.MockBaseStrategy object at 0x13c3827b0>",
        "warnings": []
      },
      {
        "strategy": "online_learning",
        "symbol": "TSLA",
        "period": "1Y",