{
  "timestamp": "2025-09-13T11:05:21.055134",
  "execution_time_seconds": 49.32684898376465,
  "summary": {
    "total_tests": 300,
    "successful_tests": 280,
    "failed_tests": 20,
    "success_rate": 0.9333333333333333,
    "traditional_strategies_tested": 9,
    "ml_strategies_tested": 6,
    "symbols_tested": 5,
    "time_periods_tested": 4
  },
  "performance": {
    "avg_execution_time": 0.05396238644917806,
    "max_execution_time": 2.3576619625091553,
    "total_execution_time": 49.32684898376465,
    "tests_per_second": 6.081880480521702
  },
  "strategy_breakdown": {
    "traditional": {
      "total": 180,
      "passed": 180,
      "success_rate": 1.0
    },
    "ml": {
      "total": 120,
      "passed": 100,
      "success_rate": 0.8333333333333334
    }
  },
  "detailed_results": {
    "by_strategy": {
      "sma_cross": {
        "total": 20,
        "passed": 20,
        "avg_time": 0.17827261686325074,
        "success_rate": 1.0
      },
      "rsi": {
        "total": 20,
        "passed": 20,
        "avg_time": 0.03064347505569458,
        "success_rate": 1.0
      },
      "macd": {
        "total": 20,
        "passed": 20,
        "avg_time": 0.036068618297576904,
        "success_rate": 1.0
      },
      "bollinger": {
        "total": 20,
        "passed": 20,
        "avg_time": 0.037007713317871095,
        "success_rate": 1.0
      },
      "momentum": {
        "total": 20,
        "passed": 20,
        "avg_time": 0.03518807888031006,
        "success_rate": 1.0
      },
      "ema_cross": {
        "total": 20,
        "passed": 20,
        "avg_time": 0.03405053615570068,
        "success_rate": 1.0
      },
      "mean_reversion": {
        "total": 20,
        "passed": 20,
        "avg_time": 0.04351681470870972,
        "success_rate": 1.0
      },
      "breakout": {
        "total": 20,
        "passed": 20,
        "avg_time": 0.03175538778305054,
        "success_rate": 1.0
      },
      "volume_momentum": {
        "total": 20,
        "passed": 20,
        "avg_time": 0.031808876991271974,
        "success_rate": 1.0
      },
      "adaptive": {
        "total": 20,
        "passed": 20,
        "avg_time": 0.008012008666992188,
        "success_rate": 1.0
      },
      "regime_aware": {
        "total": 20,
        "passed": 20,
        "avg_time": 0.06283794641494751,
        "success_rate": 1.0
      },
      "ensemble": {
        "total": 20,
        "passed": 20,
        "avg_time": 0.010657048225402832,
        "success_rate": 1.0
      },
      "online_learning": {
        "total": 20,
        "passed": 0,
        "avg_time": 8.993148803710937e-05,
        "success_rate": 0.0
      },
      "hybrid_adaptive": {
        "total": 20,
        "passed": 20,
        "avg_time": 0.259304404258728,
        "success_rate": 1.0
      },
      "risk_adjusted_ensemble": {
        "total": 20,
        "passed": 20,
        "avg_time": 0.010222339630126953,
        "success_rate": 1.0
      }
    },
    "by_symbol": {
      "AAPL": {
        "total": 60,
        "passed": 56,
        "success_rate": 0.9333333333333333
      },
      "MSFT": {
        "total": 60,
        "passed": 56,
        "success_rate": 0.9333333333333333
      },
      "GOOGL": {
        "total": 60,
        "passed": 56,
        "success_rate": 0.9333333333333333
      },
      "TSLA": {
        "total": 60,
        "passed": 56,
        "success_rate": 0.9333333333333333
      },
      "NVDA": {
        "total": 60,
        "passed": 56,
        "success_rate": 0.9333333333333333
      }
    },
    "failed_tests": [
      {
        "strategy": "online_learning",
        "symbol": "AAPL",
        "period": "1M",
        "error": "ValueError: Unsupported model type: <__main__.StrategyValidator._create_ml_strategy.<locals>.MockBaseStrategy object at 0x142fc34d0>",
        "warnings": []
      },
      {
        "strategy": "online_learning",
        "symbol": "AAPL",
        "period": "3M",
        "error": "ValueError: Unsupported model type: <__main__.StrategyValidator._create_ml_strategy.<locals>.MockBaseStrategy object at 0x142fc2ab0>",
        "warnings": []
      },
      {
        "strategy": "online_learning",
        "symbol": "AAPL",
        "period": "6M",
        "error": "ValueError: Unsupported model type: <__main__.StrategyValidator._create_ml_strategy.<locals>.MockBaseStrategy object at 0x142fc3290>",
        "warnings": []
      },
      {
        "strategy": "online_learning",
        "symbol": "AAPL",
        "period": "1Y",
        "error": "ValueError: Unsupported model type: <__main__.StrategyValidator._create_ml_strategy.<locals>.MockBaseStrategy object at 0x142fc2690>",
        "warnings": []
      },
      {
        "strategy": "online_learning",
        "symbol": "MSFT",
        "period": "1M",
        "error": "ValueError: Unsupported model type: <__main__.StrategyValidator._create_ml_strategy.<locals>.MockBaseStrategy object at 0x142fc0470>",
        "warnings": []
      },
      {
        "strategy": "online_learning",
        "symbol": "MSFT",
        "period": "3M",
        "error": "ValueError: Unsupported model type: <__main__.StrategyValidator._create_ml_strategy.<locals>.MockBaseStrategy object at 0x142fc34d0>",
        "warnings": []
      },
      {
        "strategy": "online_learning",
        "symbol": "MSFT",
        "period": "6M",
        "error": "ValueError: Unsupported model type: <__main__.StrategyValidator._create_ml_strategy.<locals>.MockBaseStrategy object at 0x142fc2ab0>",
        "warnings": []
      },
      {
        "strategy": "online_learning",
        "symbol": "MSFT",
        "period": "1Y",
        "error": "ValueError: Unsupported model type: <__main__.StrategyValidator._create_ml_strategy.<locals>.MockBaseStrategy object at 0x142fc3290>",
        "warnings": []
      },
      {
        "strategy": "online_learning",
        "symbol": "GOOGL",
        "period": "1M",
        "error": "ValueError: Unsupported model type: <__main__.StrategyValidator._create_ml_strategy.<locals>.MockBaseStrategy object at 0x142fc2ab0>",
        "warnings": []
      },
      {
        "strategy": "online_learning",
        "symbol": "GOOGL",
        "period": "3M",
        "error": "ValueError: Unsupported model type: <__main__.StrategyValidator._create_ml_strategy.<locals>.MockBaseStrategy object at 0x142fc0470>",
        "warnings": []
      },
      {
        "strategy": "online_learning",
        "symbol": "GOOGL",
        "period": "6M",
        "error": "ValueError: Unsupported model type: <__main__.StrategyValidator._create_ml_strategy.<locals>.MockBaseStrategy object at 0x142fc2ab0>",
        "warnings": []
      },
      {
        "strategy": "online_learning",
        "symbol": "GOOGL",
        "period": "1Y",
        "error": "ValueError: Unsupported model type: <__main__.StrategyValidator._create_ml_strategy.<locals>.MockBaseStrategy object at 0x142fc36b0>",
        "warnings": []
      },
      {
        "strategy": "online_learning",
        "symbol": "TSLA",
        "period": "1M",
        "error": "ValueError: Unsupported model type: <__main__.StrategyValidator._create_ml_strategy.<locals>.MockBaseStrategy object at 0x142fc2ab0>",
        "warnings": []
      },
      {
        "strategy": "online_learning",
        "symbol": "TSLA",
        "period": "3M",
        "error": "ValueError: Unsupported model type: <__main__.StrategyValidator._create_ml_strategy.<locals>.MockBaseStrategy object at 0x142fc2150>",
        "warnings": []
      },
      {
        "strategy": "online_learning",
        "symbol": "TSLA",
        "period": "6M",
        "error": "ValueError: Unsupported model type: <__main__.StrategyValidator._create_ml_strategy.<locals>.MockBaseStrategy object at 0x142fc2ab0>",
        "warnings": []
      },
      {
        "strategy": "online_learning",
        "symbol": "TSLA",
        "period": "1Y",